,Player,Targets,RushingTDs,ReceivingTDs,Receptions,RushingAtt,RushingYds,ReceivingYds,FantasyPoints,ADP,Games,Usage,Touchdowns,TotYdsScrm,Production,PassingYds,PassingTD,PassingAtt,RushingTD,AVG,G
0,Cooper Kupp,191.0,0.0,16.0,145.0,4.0,18.0,1947.0,295.0,3.5,17.0,19.764705882352942,16.0,1965.0,1.0,0.0,0.0,0.0,0.0,0.0,0.0
1,Deebo Samuel,121.0,8.0,6.0,77.0,59.0,365.0,1405.0,262.0,19.0,16.0,12.375,14.0,1770.0,1.0,0.0,0.0,0.0,0.0,0.0,0.0
2,Ja'Marr Chase,128.0,0.0,13.0,81.0,7.0,21.0,1455.0,224.0,9.3,17.0,12.294117647058824,13.0,1476.0,1.0,0.0,0.0,0.0,0.0,0.0,0.0
3,Justin Jefferson,167.0,0.0,10.0,108.0,6.0,14.0,1616.0,222.0,6.3,17.0,16.176470588235293,10.0,1630.0,1.0,0.0,0.0,0.0,0.0,0.0,0.0
4,Davante Adams,169.0,0.0,11.0,123.0,0.0,0.0,1553.0,221.0,11.5,16.0,18.25,11.0,1553.0,1.0,0.0,0.0,0.0,0.0,0.0,0.0
5,Mike Evans,114.0,0.0,14.0,74.0,1.0,10.0,1035.0,189.0,25.0,16.0,11.75,14.0,1045.0,1.0,0.0,0.0,0.0,0.0,0.0,0.0
6,Tyreek Hill,159.0,0.0,9.0,111.0,9.0,96.0,1239.0,186.0,21.8,17.0,15.882352941176471,9.0,1335.0,1.0,0.0,0.0,0.0,0.0,0.0,0.0
7,Stefon Diggs,164.0,0.0,10.0,103.0,0.0,0.0,1225.0,183.0,12.8,17.0,15.705882352941176,10.0,1225.0,1.0,0.0,0.0,0.0,0.0,0.0,0.0
8,Mike Williams,129.0,0.0,9.0,76.0,0.0,0.0,1146.0,171.0,49.3,16.0,12.8125,9.0,1146.0,1.0,0.0,0.0,0.0,0.0,0.0,0.0
9,D.K. Metcalf,129.0,0.0,12.0,75.0,1.0,6.0,967.0,169.0,0.0,17.0,12.0,12.0,973.0,20.0,0.0,0.0,0.0,0.0,0.0,0.0
10,Tyler Lockett,107.0,0.0,8.0,73.0,2.0,9.0,1175.0,168.0,98.8,16.0,11.25,8.0,1184.0,1.0,0.0,0.0,0.0,0.0,0.0,0.0
11,Diontae Johnson,169.0,0.0,8.0,107.0,5.0,53.0,1161.0,167.0,43.0,16.0,17.25,8.0,1214.0,1.0,0.0,0.0,0.0,0.0,0.0,0.0
12,Hunter Renfrow,128.0,0.0,9.0,103.0,3.0,3.0,1038.0,156.0,81.3,17.0,13.588235294117647,9.0,1041.0,1.0,0.0,0.0,0.0,0.0,0.0,0.0
13,CeeDee Lamb,120.0,0.0,6.0,79.0,9.0,76.0,1102.0,154.0,17.5,16.0,12.4375,6.0,1178.0,1.0,0.0,0.0,0.0,0.0,0.0,0.0
14,Keenan Allen,157.0,0.0,6.0,106.0,0.0,0.0,1138.0,152.0,29.0,16.0,16.4375,6.0,1138.0,1.0,0.0,0.0,0.0,0.0,0.0,0.0
15,Michael Pittman Jr.,129.0,0.0,6.0,88.0,5.0,44.0,1082.0,151.0,37.5,17.0,12.764705882352942,6.0,1126.0,1.0,0.0,0.0,0.0,0.0,0.0,0.0
16,Tee Higgins,110.0,0.0,6.0,74.0,0.0,0.0,1091.0,145.0,30.8,14.0,13.142857142857142,6.0,1091.0,1.0,0.0,0.0,0.0,0.0,0.0,0.0
17,D.J. Moore,163.0,0.0,4.0,93.0,8.0,48.0,1157.0,145.0,0.0,17.0,15.058823529411764,4.0,1205.0,22.0,0.0,0.0,0.0,0.0,0.0,0.0
18,Chris Godwin,127.0,1.0,5.0,98.0,4.0,21.0,1103.0,144.0,65.5,14.0,16.071428571428573,6.0,1124.0,1.0,0.0,0.0,0.0,0.0,0.0,0.0
19,Jaylen Waddle,140.0,1.0,6.0,104.0,2.0,3.0,1015.0,142.0,41.5,16.0,15.25,7.0,1018.0,1.0,0.0,0.0,0.0,0.0,0.0,0.0
20,Brandin Cooks,134.0,0.0,6.0,90.0,2.0,21.0,1037.0,142.0,62.0,16.0,14.0,6.0,1058.0,1.0,0.0,0.0,0.0,0.0,0.0,0.0
21,Darnell Mooney,140.0,1.0,4.0,81.0,6.0,32.0,1055.0,139.0,76.0,17.0,13.0,5.0,1087.0,1.0,0.0,0.0,0.0,0.0,0.0,0.0
22,Amon-Ra St. Brown,119.0,1.0,5.0,90.0,7.0,61.0,912.0,137.0,72.0,17.0,12.294117647058824,6.0,973.0,1.0,0.0,0.0,0.0,0.0,0.0,0.0
23,Terry McLaurin,130.0,0.0,5.0,77.0,1.0,12.0,1053.0,137.0,41.3,17.0,12.176470588235293,5.0,1065.0,1.0,0.0,0.0,0.0,0.0,0.0,0.0
24,Marquise Brown,146.0,0.0,6.0,91.0,1.0,5.0,1008.0,135.0,62.5,16.0,14.8125,6.0,1013.0,1.0,0.0,0.0,0.0,0.0,0.0,0.0
25,Amari Cooper,104.0,0.0,8.0,68.0,0.0,0.0,865.0,135.0,65.0,15.0,11.466666666666667,8.0,865.0,1.0,0.0,0.0,0.0,0.0,0.0,0.0
26,Adam Thielen,95.0,0.0,10.0,67.0,1.0,2.0,726.0,133.0,73.8,13.0,12.461538461538462,10.0,728.0,1.0,0.0,0.0,0.0,0.0,0.0,0.0
27,Christian Kirk,103.0,0.0,5.0,77.0,1.0,11.0,982.0,131.0,112.8,17.0,10.588235294117647,5.0,993.0,1.0,0.0,0.0,0.0,0.0,0.0,0.0
28,Kendrick Bourne,70.0,0.0,5.0,55.0,12.0,125.0,800.0,126.0,254.0,17.0,7.352941176470588,5.0,925.0,1.0,0.0,0.0,0.0,0.0,0.0,0.0
29,DeVonta Smith,104.0,0.0,5.0,64.0,0.0,0.0,916.0,122.0,90.5,17.0,9.882352941176471,5.0,916.0,1.0,0.0,0.0,0.0,0.0,0.0,0.0
30,A.J. Brown,105.0,0.0,5.0,63.0,2.0,10.0,869.0,118.0,28.5,13.0,12.923076923076923,5.0,879.0,1.0,0.0,0.0,0.0,0.0,0.0,0.0
31,Van Jefferson,89.0,0.0,6.0,50.0,2.0,20.0,802.0,118.0,182.3,17.0,8.176470588235293,6.0,822.0,1.0,0.0,0.0,0.0,0.0,0.0,0.0
32,Tyler Boyd,94.0,0.0,5.0,67.0,2.0,22.0,828.0,117.0,139.5,16.0,10.0625,5.0,850.0,1.0,0.0,0.0,0.0,0.0,0.0,0.0
33,Brandon Aiyuk,84.0,0.0,5.0,56.0,5.0,17.0,826.0,114.0,98.8,17.0,8.235294117647058,5.0,843.0,2.0,0.0,0.0,0.0,0.0,0.0,0.0
34,K.J. Osborn,82.0,0.0,7.0,50.0,1.0,10.0,655.0,109.0,204.0,17.0,7.764705882352941,7.0,665.0,1.0,0.0,0.0,0.0,0.0,0.0,0.0
35,Chase Claypool,105.0,0.0,2.0,59.0,14.0,96.0,860.0,108.0,116.0,15.0,10.933333333333334,2.0,956.0,1.0,0.0,0.0,0.0,0.0,0.0,0.0
36,Marvin Jones,120.0,0.0,4.0,73.0,0.0,0.0,832.0,107.0,0.0,17.0,11.352941176470589,4.0,832.0,30.0,0.0,0.0,0.0,0.0,0.0,0.0
37,Marquez Callaway,84.0,0.0,6.0,46.0,0.0,0.0,698.0,106.0,246.0,17.0,7.647058823529412,6.0,698.0,1.0,0.0,0.0,0.0,0.0,0.0,0.0
38,DeAndre Hopkins,64.0,0.0,8.0,42.0,0.0,0.0,572.0,105.0,85.5,10.0,10.6,8.0,572.0,1.0,0.0,0.0,0.0,0.0,0.0,0.0
39,A.J. Green,92.0,0.0,3.0,54.0,0.0,0.0,848.0,103.0,247.7,16.0,9.125,3.0,848.0,1.0,0.0,0.0,0.0,0.0,0.0,0.0
40,Allen Lazard,60.0,0.0,8.0,40.0,3.0,32.0,513.0,103.0,110.8,15.0,6.666666666666667,8.0,545.0,1.0,0.0,0.0,0.0,0.0,0.0,0.0
41,Jakobi Meyers,126.0,0.0,2.0,83.0,1.0,9.0,866.0,103.0,153.3,17.0,12.294117647058824,2.0,875.0,1.0,0.0,0.0,0.0,0.0,0.0,0.0
42,Tim Patrick,85.0,0.0,5.0,53.0,0.0,0.0,734.0,103.0,0.0,16.0,8.625,5.0,734.0,16.0,0.0,0.0,0.0,0.0,0.0,0.0
43,Cedrick Wilson Jr.,61.0,0.0,6.0,45.0,2.0,11.0,602.0,103.0,240.0,16.0,6.625,6.0,613.0,1.0,0.0,0.0,0.0,0.0,0.0,0.0
44,Russell Gage,94.0,0.0,4.0,66.0,0.0,0.0,770.0,97.0,113.8,14.0,11.428571428571429,4.0,770.0,1.0,0.0,0.0,0.0,0.0,0.0,0.0
45,Elijah Moore,77.0,1.0,5.0,43.0,5.0,54.0,538.0,95.0,85.3,11.0,10.909090909090908,6.0,592.0,1.0,0.0,0.0,0.0,0.0,0.0,0.0
46,Courtland Sutton,98.0,0.0,2.0,58.0,0.0,0.0,776.0,92.0,60.0,17.0,9.176470588235293,2.0,776.0,1.0,0.0,0.0,0.0,0.0,0.0,0.0
47,Robert Woods,69.0,1.0,4.0,45.0,8.0,46.0,556.0,92.0,105.3,9.0,12.666666666666666,5.0,602.0,1.0,0.0,0.0,0.0,0.0,0.0,0.0
48,Gabriel Davis,63.0,0.0,6.0,35.0,0.0,0.0,549.0,91.0,71.8,16.0,6.125,6.0,549.0,1.0,0.0,0.0,0.0,0.0,0.0,0.0
49,Emmanuel Sanders,72.0,0.0,4.0,42.0,2.0,31.0,626.0,90.0,336.0,14.0,8.142857142857142,4.0,657.0,1.0,0.0,0.0,0.0,0.0,0.0,0.0
50,Robby Anderson,110.0,0.0,5.0,53.0,3.0,36.0,519.0,86.0,0.0,17.0,9.588235294117647,5.0,555.0,42.0,0.0,0.0,0.0,0.0,0.0,0.0
51,Odell Beckham Jr.,82.0,0.0,5.0,44.0,2.0,14.0,537.0,85.0,222.0,14.0,9.0,5.0,551.0,1.0,0.0,0.0,0.0,0.0,0.0,0.0
52,Byron Pringle,60.0,0.0,5.0,42.0,0.0,0.0,568.0,85.0,318.0,17.0,6.0,5.0,568.0,2.0,0.0,0.0,0.0,0.0,0.0,0.0
53,Kalif Raymond,71.0,0.0,4.0,48.0,4.0,28.0,576.0,84.0,373.0,16.0,7.4375,4.0,604.0,1.0,0.0,0.0,0.0,0.0,0.0,0.0
54,Mecole Hardman,83.0,0.0,2.0,59.0,8.0,46.0,693.0,82.0,164.5,17.0,8.352941176470589,2.0,739.0,1.0,0.0,0.0,0.0,0.0,0.0,0.0
55,Jarvis Landry,87.0,2.0,2.0,52.0,6.0,40.0,570.0,81.0,141.3,12.0,11.583333333333334,4.0,610.0,1.0,0.0,0.0,0.0,0.0,0.0,0.0
56,Antonio Brown,62.0,0.0,4.0,42.0,1.0,6.0,545.0,79.0,309.0,7.0,14.857142857142858,4.0,551.0,1.0,0.0,0.0,0.0,0.0,0.0,0.0
57,Cole Beasley,112.0,0.0,1.0,82.0,0.0,0.0,693.0,77.0,339.0,16.0,12.125,1.0,693.0,1.0,0.0,0.0,0.0,0.0,0.0,0.0
58,Deonte Harris,59.0,0.0,3.0,36.0,5.0,41.0,570.0,77.0,0.0,13.0,7.3076923076923075,3.0,611.0,18.0,0.0,0.0,0.0,0.0,0.0,0.0
59,Donovan Peoples-Jones,58.0,0.0,3.0,34.0,0.0,0.0,597.0,76.0,210.0,14.0,6.571428571428571,3.0,597.0,1.0,0.0,0.0,0.0,0.0,0.0,0.0
60,Braxton Berrios+,65.0,2.0,2.0,46.0,7.0,40.0,431.0,75.0,0.0,16.0,6.9375,4.0,471.0,32.0,0.0,0.0,0.0,0.0,0.0,0.0
61,Bryan Edwards,59.0,0.0,3.0,34.0,1.0,0.0,571.0,75.0,318.0,16.0,5.8125,3.0,571.0,1.0,0.0,0.0,0.0,0.0,0.0,0.0
62,Quez Watkins,62.0,0.0,1.0,43.0,1.0,3.0,647.0,73.0,362.0,17.0,6.176470588235294,1.0,650.0,1.0,0.0,0.0,0.0,0.0,0.0,0.0
63,Corey Davis,59.0,0.0,4.0,34.0,0.0,0.0,492.0,71.0,189.0,9.0,10.333333333333334,4.0,492.0,1.0,0.0,0.0,0.0,0.0,0.0,0.0
64,Nick Westbrook-Ikhine,57.0,0.0,4.0,38.0,0.0,0.0,476.0,70.0,317.5,16.0,5.9375,4.0,476.0,1.0,0.0,0.0,0.0,0.0,0.0,0.0
65,Nelson Agholor,64.0,0.0,3.0,37.0,3.0,11.0,473.0,66.0,341.0,15.0,6.733333333333333,3.0,484.0,1.0,0.0,0.0,0.0,0.0,0.0,0.0
66,Randall Cobb,39.0,0.0,5.0,28.0,1.0,1.0,375.0,66.0,294.0,12.0,5.583333333333333,5.0,376.0,1.0,0.0,0.0,0.0,0.0,0.0,0.0
67,Jalen Guyton,48.0,0.0,3.0,31.0,7.0,34.0,448.0,66.0,257.0,16.0,4.9375,3.0,482.0,1.0,0.0,0.0,0.0,0.0,0.0,0.0
68,DeVante Parker,73.0,0.0,2.0,40.0,0.0,0.0,515.0,64.0,151.5,10.0,11.3,2.0,515.0,1.0,0.0,0.0,0.0,0.0,0.0,0.0
69,Laviska Shenault Jr.,100.0,0.0,0.0,63.0,11.0,41.0,619.0,64.0,248.5,16.0,10.1875,0.0,660.0,1.0,0.0,0.0,0.0,0.0,0.0,0.0
70,DeAndre Carter,44.0,0.0,3.0,24.0,10.0,89.0,296.0,63.0,0.0,17.0,4.0,3.0,385.0,8.0,0.0,0.0,0.0,0.0,0.0,0.0
71,Freddie Swain,40.0,0.0,4.0,25.0,5.0,32.0,343.0,62.0,0.0,17.0,3.823529411764706,4.0,375.0,7.0,0.0,0.0,0.0,0.0,0.0,0.0
72,Henry Ruggs III,36.0,0.0,2.0,24.0,3.0,16.0,469.0,61.0,0.0,7.0,8.571428571428571,2.0,485.0,44.0,0.0,0.0,0.0,0.0,0.0,0.0
73,Marquez Valdes-Scantling,55.0,0.0,3.0,26.0,0.0,0.0,430.0,61.0,141.8,11.0,7.363636363636363,3.0,430.0,1.0,0.0,0.0,0.0,0.0,0.0,0.0
74,Josh Palmer,49.0,0.0,4.0,33.0,1.0,6.0,353.0,60.0,0.0,17.0,4.823529411764706,4.0,359.0,27.0,0.0,0.0,0.0,0.0,0.0,0.0
75,Jamison Crowder,71.0,0.0,2.0,51.0,0.0,0.0,447.0,59.0,209.7,12.0,10.166666666666666,2.0,447.0,1.0,0.0,0.0,0.0,0.0,0.0,0.0
76,Zay Jones,70.0,0.0,1.0,47.0,2.0,3.0,546.0,59.0,305.0,17.0,6.882352941176471,1.0,549.0,1.0,0.0,0.0,0.0,0.0,0.0,0.0
77,Olamide Zaccheaus,53.0,0.0,3.0,31.0,1.0,2.0,406.0,59.0,313.0,17.0,4.9411764705882355,3.0,408.0,1.0,0.0,0.0,0.0,0.0,0.0,0.0
78,Rashod Bateman,68.0,0.0,1.0,46.0,0.0,0.0,515.0,58.0,86.5,12.0,9.5,1.0,515.0,1.0,0.0,0.0,0.0,0.0,0.0,0.0
79,Jauan Jennings,38.0,0.0,5.0,24.0,0.0,0.0,282.0,58.0,306.0,16.0,3.875,5.0,282.0,1.0,0.0,0.0,0.0,0.0,0.0,0.0
80,Michael Gallup,62.0,0.0,2.0,35.0,0.0,0.0,445.0,57.0,160.5,9.0,10.777777777777779,2.0,445.0,1.0,0.0,0.0,0.0,0.0,0.0,0.0
81,Zach Pascal,69.0,0.0,3.0,38.0,2.0,21.0,384.0,57.0,344.0,16.0,6.6875,3.0,405.0,1.0,0.0,0.0,0.0,0.0,0.0,0.0
82,DeSean Jackson,34.0,0.0,2.0,20.0,1.0,4.0,454.0,56.0,0.0,16.0,3.375,2.0,458.0,3.0,0.0,0.0,0.0,0.0,0.0,0.0
83,Tre'Quan Smith,50.0,0.0,3.0,32.0,0.0,0.0,377.0,56.0,365.0,11.0,7.454545454545454,3.0,377.0,1.0,0.0,0.0,0.0,0.0,0.0,0.0
84,Rondale Moore,64.0,0.0,1.0,54.0,18.0,76.0,435.0,55.0,165.8,14.0,8.428571428571429,1.0,511.0,1.0,0.0,0.0,0.0,0.0,0.0,0.0
85,Jamal Agnew,39.0,1.0,1.0,24.0,7.0,111.0,229.0,52.0,0.0,10.0,6.3,2.0,340.0,47.0,0.0,0.0,0.0,0.0,0.0,0.0
86,Kenny Golladay,76.0,0.0,0.0,37.0,0.0,0.0,521.0,52.0,150.5,14.0,8.071428571428571,0.0,521.0,1.0,0.0,0.0,0.0,0.0,0.0,0.0
87,Josh Reynolds,49.0,0.0,2.0,29.0,0.0,0.0,396.0,52.0,291.0,12.0,6.5,2.0,396.0,1.0,0.0,0.0,0.0,0.0,0.0,0.0
88,Keelan Cole,51.0,0.0,1.0,28.0,0.0,0.0,449.0,51.0,0.0,15.0,5.266666666666667,1.0,449.0,17.0,0.0,0.0,0.0,0.0,0.0,0.0
89,Nico Collins,60.0,0.0,1.0,33.0,0.0,0.0,446.0,51.0,241.3,14.0,6.642857142857143,1.0,446.0,1.0,0.0,0.0,0.0,0.0,0.0,0.0
90,T.Y. Hilton,37.0,0.0,3.0,23.0,0.0,0.0,331.0,51.0,348.0,10.0,6.0,3.0,331.0,1.0,0.0,0.0,0.0,0.0,0.0,0.0
91,Devin Duvernay,47.0,0.0,2.0,33.0,7.0,50.0,272.0,50.0,232.5,16.0,5.0,2.0,322.0,1.0,0.0,0.0,0.0,0.0,0.0,0.0
92,Julio Jones,48.0,0.0,1.0,31.0,0.0,0.0,434.0,49.0,156.5,10.0,7.9,1.0,434.0,1.0,0.0,0.0,0.0,0.0,0.0,0.0
93,Allen Robinson,66.0,0.0,1.0,38.0,0.0,0.0,410.0,49.0,0.0,12.0,8.666666666666666,1.0,410.0,58.0,0.0,0.0,0.0,0.0,0.0,0.0
94,Laquon Treadwell,51.0,0.0,1.0,33.0,0.0,0.0,434.0,49.0,0.0,12.0,7.0,1.0,434.0,39.0,0.0,0.0,0.0,0.0,0.0,0.0
95,Jerry Jeudy,56.0,0.0,0.0,38.0,2.0,3.0,467.0,47.0,60.5,10.0,9.4,0.0,470.0,1.0,0.0,0.0,0.0,0.0,0.0,0.0
96,Mack Hollins,28.0,0.0,4.0,14.0,0.0,0.0,223.0,46.0,0.0,17.0,2.4705882352941178,4.0,223.0,10.0,0.0,0.0,0.0,0.0,0.0,0.0
97,Danny Amendola,38.0,0.0,3.0,24.0,0.0,0.0,248.0,45.0,0.0,8.0,7.75,3.0,248.0,80.0,0.0,0.0,0.0,0.0,0.0,0.0
98,Jalen Reagor,57.0,0.0,2.0,33.0,10.0,32.0,299.0,45.0,0.0,17.0,5.294117647058823,2.0,331.0,37.0,0.0,0.0,0.0,0.0,0.0,0.0
99,Demarcus Robinson,41.0,0.0,3.0,25.0,0.0,0.0,264.0,44.0,271.0,17.0,3.8823529411764706,3.0,264.0,1.0,0.0,0.0,0.0,0.0,0.0,0.0
100,Chris Conley,37.0,0.0,2.0,22.0,1.0,3.0,323.0,43.0,0.0,16.0,3.6875,2.0,326.0,12.0,0.0,0.0,0.0,0.0,0.0,0.0
101,Darius Slayton,58.0,0.0,2.0,26.0,1.0,-13.0,339.0,43.0,391.0,13.0,6.461538461538462,2.0,326.0,1.0,0.0,0.0,0.0,0.0,0.0,0.0
102,Kadarius Toney,57.0,0.0,0.0,39.0,3.0,6.0,420.0,43.0,121.8,10.0,9.6,0.0,426.0,1.0,0.0,0.0,0.0,0.0,0.0,0.0
103,Sammy Watkins,49.0,0.0,1.0,27.0,0.0,0.0,394.0,43.0,183.0,13.0,5.846153846153846,1.0,394.0,1.0,0.0,0.0,0.0,0.0,0.0,0.0
104,Sterling Shepard,53.0,0.0,1.0,36.0,1.0,-9.0,366.0,42.0,256.0,7.0,12.714285714285714,1.0,357.0,1.0,0.0,0.0,0.0,0.0,0.0,0.0
105,James Washington,44.0,0.0,2.0,24.0,2.0,13.0,285.0,42.0,267.0,15.0,4.533333333333333,2.0,298.0,1.0,0.0,0.0,0.0,0.0,0.0,0.0
106,Calvin Ridley,52.0,0.0,2.0,31.0,0.0,0.0,281.0,40.0,0.0,5.0,16.6,2.0,281.0,101.0,0.0,0.0,0.0,0.0,0.0,0.0
107,Damiere Byrd,38.0,0.0,1.0,26.0,0.0,0.0,329.0,39.0,0.0,17.0,3.764705882352941,1.0,329.0,13.0,0.0,0.0,0.0,0.0,0.0,0.0
108,Ashton Dulin,22.0,0.0,2.0,13.0,3.0,32.0,173.0,39.0,0.0,17.0,2.0588235294117645,2.0,205.0,6.0,0.0,0.0,0.0,0.0,0.0,0.0
109,Antoine Wesley,32.0,0.0,3.0,19.0,0.0,0.0,208.0,39.0,0.0,15.0,3.4,3.0,208.0,40.0,0.0,0.0,0.0,0.0,0.0,0.0
110,Adam Humphries,62.0,0.0,0.0,41.0,0.0,0.0,383.0,38.0,0.0,17.0,6.0588235294117645,0.0,383.0,36.0,0.0,0.0,0.0,0.0,0.0,0.0
111,Marquise Goodwin,40.0,0.0,1.0,20.0,2.0,-1.0,313.0,37.0,338.0,14.0,4.285714285714286,1.0,312.0,1.0,0.0,0.0,0.0,0.0,0.0,0.0
112,Lil'Jordan Humphrey,18.0,0.0,2.0,13.0,0.0,0.0,249.0,37.0,0.0,10.0,3.1,2.0,249.0,21.0,0.0,0.0,0.0,0.0,0.0,0.0
113,Tyler Johnson,55.0,0.0,0.0,36.0,0.0,0.0,360.0,36.0,0.0,17.0,5.352941176470588,0.0,360.0,34.0,0.0,0.0,0.0,0.0,0.0,0.0
114,Cyril Grayson,12.0,0.0,2.0,10.0,1.0,14.0,212.0,35.0,0.0,5.0,4.4,2.0,226.0,52.0,0.0,0.0,0.0,0.0,0.0,0.0
115,Chris Moore,22.0,0.0,2.0,21.0,0.0,0.0,227.0,35.0,0.0,12.0,3.5833333333333335,2.0,227.0,35.0,0.0,0.0,0.0,0.0,0.0,0.0
116,Chester Rogers,43.0,0.0,1.0,30.0,1.0,9.0,301.0,35.0,0.0,16.0,4.5625,1.0,310.0,33.0,0.0,0.0,0.0,0.0,0.0,0.0
117,Quintez Cephus,22.0,0.0,2.0,15.0,0.0,0.0,204.0,34.0,0.0,5.0,7.4,2.0,204.0,91.0,0.0,0.0,0.0,0.0,0.0,0.0
118,Rashard Higgins,47.0,0.0,1.0,24.0,0.0,0.0,275.0,34.0,298.0,15.0,4.733333333333333,1.0,275.0,1.0,0.0,0.0,0.0,0.0,0.0,0.0
119,Cam Sims,23.0,0.0,2.0,15.0,1.0,7.0,211.0,34.0,319.0,14.0,2.7142857142857144,2.0,218.0,1.0,0.0,0.0,0.0,0.0,0.0,0.0
120,Isaiah McKenzie,26.0,1.0,1.0,20.0,9.0,47.0,178.0,33.0,235.7,15.0,3.066666666666667,2.0,225.0,1.0,0.0,0.0,0.0,0.0,0.0,0.0
121,Malik Turner,16.0,0.0,3.0,12.0,0.0,0.0,149.0,33.0,0.0,14.0,2.0,3.0,149.0,25.0,0.0,0.0,0.0,0.0,0.0,0.0
122,Brandon Zylstra,25.0,0.0,1.0,18.0,0.0,0.0,250.0,31.0,0.0,13.0,3.3076923076923075,1.0,250.0,26.0,0.0,0.0,0.0,0.0,0.0,0.0
123,John Ross,20.0,0.0,1.0,11.0,1.0,16.0,224.0,30.0,0.0,10.0,3.1,1.0,240.0,24.0,0.0,0.0,0.0,0.0,0.0,0.0
124,Jakeem Grant,17.0,0.0,2.0,11.0,5.0,33.0,132.0,29.0,0.0,15.0,1.8666666666666667,2.0,165.0,11.0,0.0,0.0,0.0,0.0,0.0,0.0
125,Isaiah Ford,17.0,0.0,2.0,12.0,0.0,0.0,161.0,28.0,0.0,13.0,2.230769230769231,2.0,161.0,31.0,0.0,0.0,0.0,0.0,0.0,0.0
126,Greg Ward,11.0,0.0,3.0,7.0,0.0,0.0,95.0,28.0,0.0,17.0,1.0588235294117647,3.0,95.0,9.0,0.0,0.0,0.0,0.0,0.0,0.0
127,Tavon Austin,37.0,0.0,1.0,24.0,3.0,21.0,213.0,27.0,0.0,13.0,4.6923076923076925,1.0,234.0,55.0,0.0,0.0,0.0,0.0,0.0,0.0
128,DJ Chark,22.0,0.0,2.0,7.0,0.0,0.0,154.0,27.0,0.0,4.0,7.25,2.0,154.0,96.0,0.0,0.0,0.0,0.0,0.0,0.0
129,Ray-Ray McCloud,66.0,0.0,0.0,39.0,2.0,15.0,277.0,27.0,0.0,16.0,6.5625,0.0,292.0,62.0,0.0,0.0,0.0,0.0,0.0,0.0
130,Kendall Hinton,23.0,0.0,1.0,15.0,0.0,0.0,175.0,24.0,0.0,16.0,2.375,1.0,175.0,29.0,0.0,0.0,0.0,0.0,0.0,0.0
131,Ihmir Smith-Marsette,6.0,0.0,2.0,5.0,0.0,0.0,116.0,24.0,0.0,8.0,1.375,2.0,116.0,15.0,0.0,0.0,0.0,0.0,0.0,0.0
132,Anthony Schwartz,23.0,0.0,1.0,10.0,6.0,39.0,135.0,23.0,0.0,14.0,2.357142857142857,1.0,174.0,28.0,0.0,0.0,0.0,0.0,0.0,0.0
133,Tajae Sharpe,37.0,0.0,0.0,25.0,0.0,0.0,230.0,23.0,0.0,15.0,4.133333333333334,0.0,230.0,45.0,0.0,0.0,0.0,0.0,0.0,0.0
134,Albert Wilson,39.0,0.0,0.0,25.0,4.0,17.0,213.0,23.0,0.0,14.0,4.571428571428571,0.0,230.0,54.0,0.0,0.0,0.0,0.0,0.0,0.0
135,Parris Campbell,20.0,0.0,1.0,10.0,0.0,0.0,162.0,22.0,253.0,6.0,5.0,1.0,162.0,1.0,0.0,0.0,0.0,0.0,0.0,0.0
136,Breshad Perriman,18.0,0.0,1.0,11.0,1.0,-3.0,167.0,22.0,380.0,6.0,4.833333333333333,1.0,164.0,1.0,0.0,0.0,0.0,0.0,0.0,0.0
137,James Proche,20.0,0.0,0.0,16.0,0.0,0.0,202.0,20.0,0.0,14.0,2.5714285714285716,0.0,202.0,23.0,0.0,0.0,0.0,0.0,0.0,0.0
138,JuJu Smith-Schuster,28.0,1.0,0.0,15.0,3.0,9.0,129.0,20.0,78.3,5.0,8.6,1.0,138.0,1.0,0.0,0.0,0.0,0.0,0.0,0.0
139,Noah Brown,25.0,0.0,0.0,16.0,0.0,0.0,184.0,18.0,0.0,13.0,3.1538461538461537,0.0,184.0,43.0,0.0,0.0,0.0,0.0,0.0,0.0
140,D'Wayne Eskridge,20.0,0.0,1.0,10.0,4.0,59.0,64.0,18.0,0.0,10.0,3.0,1.0,123.0,63.0,0.0,0.0,0.0,0.0,0.0,0.0
141,KhaDarel Hodge,27.0,0.0,0.0,13.0,0.0,0.0,157.0,18.0,0.0,16.0,2.5,0.0,157.0,38.0,0.0,0.0,0.0,0.0,0.0,0.0
142,Mohamed Sanu,24.0,0.0,0.0,15.0,0.0,0.0,177.0,18.0,0.0,8.0,4.875,0.0,177.0,73.0,0.0,0.0,0.0,0.0,0.0,0.0
143,Dyami Brown,25.0,0.0,0.0,12.0,1.0,-4.0,165.0,16.0,390.0,15.0,2.466666666666667,0.0,161.0,1.0,0.0,0.0,0.0,0.0,0.0,0.0
144,N'Keal Harry,22.0,0.0,0.0,12.0,0.0,0.0,184.0,16.0,324.0,12.0,2.8333333333333335,0.0,184.0,1.0,0.0,0.0,0.0,0.0,0.0,0.0
145,Marcus Johnson,19.0,0.0,0.0,9.0,2.0,-2.0,160.0,16.0,0.0,7.0,4.0,0.0,158.0,69.0,0.0,0.0,0.0,0.0,0.0,0.0
146,Terrace Marshall Jr.,30.0,0.0,0.0,17.0,0.0,0.0,138.0,16.0,254.0,13.0,3.6153846153846154,0.0,138.0,2.0,0.0,0.0,0.0,0.0,0.0,0.0
147,Kristian Wilkerson,8.0,0.0,2.0,4.0,0.0,0.0,42.0,16.0,0.0,3.0,4.0,2.0,42.0,105.0,0.0,0.0,0.0,0.0,0.0,0.0
148,Dante Pettis,16.0,0.0,1.0,10.0,0.0,0.0,87.0,15.0,0.0,3.0,8.666666666666666,1.0,87.0,106.0,0.0,0.0,0.0,0.0,0.0,0.0
149,Trent Sherfield,20.0,0.0,1.0,9.0,0.0,0.0,87.0,15.0,0.0,17.0,1.7058823529411764,1.0,87.0,53.0,0.0,0.0,0.0,0.0,0.0,0.0
150,Scott Miller,9.0,1.0,0.0,5.0,2.0,43.0,38.0,14.0,0.0,9.0,1.5555555555555556,1.0,81.0,50.0,0.0,0.0,0.0,0.0,0.0,0.0
151,Ty Montgomery,26.0,0.0,0.0,16.0,15.0,44.0,95.0,14.0,0.0,14.0,3.0,0.0,139.0,60.0,0.0,0.0,0.0,0.0,0.0,0.0
152,Denzel Mims,23.0,0.0,0.0,8.0,0.0,0.0,133.0,13.0,0.0,11.0,2.8181818181818183,0.0,133.0,59.0,0.0,0.0,0.0,0.0,0.0,0.0
153,Ben Skowronek,20.0,0.0,0.0,11.0,0.0,0.0,133.0,13.0,0.0,14.0,2.2142857142857144,0.0,133.0,41.0,0.0,0.0,0.0,0.0,0.0,0.0
154,Kenny Stills,23.0,0.0,1.0,6.0,1.0,1.0,68.0,13.0,0.0,13.0,2.230769230769231,1.0,69.0,82.0,0.0,0.0,0.0,0.0,0.0,0.0
155,Tom Kennedy,10.0,0.0,0.0,6.0,0.0,0.0,54.0,12.0,0.0,12.0,1.3333333333333333,0.0,54.0,65.0,0.0,0.0,0.0,0.0,0.0,0.0
156,Phillip Dorsett,14.0,0.0,0.0,7.0,1.0,0.0,110.0,11.0,0.0,6.0,3.5,0.0,110.0,81.0,0.0,0.0,0.0,0.0,0.0,0.0
157,Dez Fitzpatrick,8.0,0.0,1.0,5.0,0.0,0.0,49.0,11.0,0.0,4.0,3.25,1.0,49.0,103.0,0.0,0.0,0.0,0.0,0.0,0.0
158,Collin Johnson,21.0,0.0,0.0,11.0,0.0,0.0,105.0,11.0,0.0,12.0,2.6666666666666665,0.0,105.0,70.0,0.0,0.0,0.0,0.0,0.0,0.0
159,Jeff Smith,17.0,0.0,0.0,8.0,1.0,-1.0,113.0,11.0,0.0,12.0,2.0833333333333335,0.0,112.0,48.0,0.0,0.0,0.0,0.0,0.0,0.0
160,Equanimeous St. Brown,17.0,0.0,0.0,9.0,3.0,14.0,98.0,11.0,397.0,13.0,2.0,0.0,112.0,1.0,0.0,0.0,0.0,0.0,0.0,0.0
161,Trinity Benson,22.0,0.0,0.0,10.0,0.0,0.0,103.0,10.0,0.0,8.0,4.0,0.0,103.0,92.0,0.0,0.0,0.0,0.0,0.0,0.0
162,Chris Hogan,8.0,0.0,1.0,4.0,0.0,0.0,41.0,10.0,0.0,5.0,2.4,1.0,41.0,100.0,0.0,0.0,0.0,0.0,0.0,0.0
163,Shi Smith,11.0,0.0,0.0,6.0,1.0,-3.0,104.0,10.0,0.0,6.0,2.8333333333333335,0.0,101.0,74.0,0.0,0.0,0.0,0.0,0.0,0.0
164,Auden Tate,4.0,0.0,1.0,3.0,0.0,0.0,39.0,10.0,0.0,7.0,1.0,1.0,39.0,66.5,0.0,0.0,0.0,0.0,0.0,0.0
165,Cameron Batson,5.0,0.0,1.0,2.0,2.0,15.0,15.0,9.0,0.0,4.0,1.75,1.0,30.0,99.0,0.0,0.0,0.0,0.0,0.0,0.0
166,Josh Gordon,14.0,0.0,1.0,5.0,0.0,0.0,32.0,9.0,323.0,12.0,1.5833333333333333,1.0,32.0,1.0,0.0,0.0,0.0,0.0,0.0,0.0
167,Anthony Miller,12.0,0.0,1.0,6.0,0.0,0.0,25.0,9.0,0.0,3.0,6.0,1.0,25.0,119.5,0.0,0.0,0.0,0.0,0.0,0.0
168,Dezmon Patmon,4.0,0.0,1.0,2.0,0.0,0.0,21.0,8.0,0.0,8.0,0.75,1.0,21.0,86.0,0.0,0.0,0.0,0.0,0.0,0.0
169,Preston Williams,16.0,0.0,0.0,6.0,1.0,7.0,71.0,8.0,0.0,8.0,2.75,0.0,78.0,88.0,0.0,0.0,0.0,0.0,0.0,0.0
170,KJ Hamler,10.0,0.0,0.0,5.0,0.0,0.0,74.0,7.0,233.0,3.0,5.0,0.0,74.0,1.0,0.0,0.0,0.0,0.0,0.0,0.0
171,Andre Roberts,2.0,0.0,0.0,1.0,3.0,19.0,35.0,7.0,0.0,16.0,0.1875,0.0,54.0,2.0,0.0,0.0,0.0,0.0,0.0,0.0
172,Dede Westbrook,15.0,0.0,0.0,10.0,0.0,0.0,68.0,7.0,0.0,15.0,1.6666666666666667,0.0,68.0,64.0,0.0,0.0,0.0,0.0,0.0,0.0
173,C.J. Board,6.0,0.0,0.0,4.0,1.0,6.0,51.0,6.0,0.0,6.0,1.6666666666666667,0.0,57.0,75.0,0.0,0.0,0.0,0.0,0.0,0.0
174,Ja'Marcus Bradley,4.0,0.0,0.0,4.0,0.0,0.0,64.0,6.0,0.0,5.0,1.6,0.0,64.0,66.5,0.0,0.0,0.0,0.0,0.0,0.0
175,Alex Erickson,4.0,0.0,0.0,3.0,0.0,0.0,55.0,6.0,0.0,17.0,0.4117647058823529,0.0,55.0,4.0,0.0,0.0,0.0,0.0,0.0,0.0
176,Penny Hart,12.0,0.0,0.0,7.0,0.0,0.0,59.0,6.0,0.0,17.0,1.1176470588235294,0.0,59.0,49.0,0.0,0.0,0.0,0.0,0.0,0.0
177,Dax Milne,14.0,0.0,0.0,9.0,1.0,1.0,83.0,6.0,0.0,13.0,1.7692307692307692,0.0,84.0,57.0,0.0,0.0,0.0,0.0,0.0,0.0
178,Jason Moore,4.0,0.0,0.0,3.0,0.0,0.0,56.0,6.0,0.0,2.0,3.5,0.0,56.0,102.0,0.0,0.0,0.0,0.0,0.0,0.0
179,Amari Rodgers,8.0,0.0,0.0,4.0,1.0,11.0,45.0,6.0,255.0,16.0,0.75,0.0,56.0,1.0,0.0,0.0,0.0,0.0,0.0,0.0
180,Jaelon Darden,12.0,0.0,0.0,6.0,1.0,11.0,43.0,5.0,322.0,9.0,2.0,0.0,54.0,1.0,0.0,0.0,0.0,0.0,0.0,0.0
181,Will Fuller,8.0,0.0,0.0,4.0,0.0,0.0,26.0,5.0,0.0,2.0,6.0,0.0,26.0,119.5,0.0,0.0,0.0,0.0,0.0,0.0
182,Mike Thomas,11.0,0.0,0.0,5.0,0.0,0.0,52.0,5.0,0.0,12.0,1.3333333333333333,0.0,52.0,71.0,0.0,0.0,0.0,0.0,0.0,0.0
183,JJ Arcega-Whiteside,5.0,0.0,0.0,2.0,0.0,0.0,36.0,4.0,0.0,16.0,0.4375,0.0,36.0,19.0,0.0,0.0,0.0,0.0,0.0,0.0
184,Pharoh Cooper,11.0,0.0,0.0,4.0,1.0,3.0,33.0,4.0,0.0,8.0,1.875,0.0,36.0,98.0,0.0,0.0,0.0,0.0,0.0,0.0
185,Greg Dortch,3.0,0.0,0.0,3.0,1.0,24.0,15.0,4.0,0.0,5.0,1.2,0.0,39.0,79.0,0.0,0.0,0.0,0.0,0.0,0.0
186,D.J. Montgomery,6.0,0.0,0.0,3.0,0.0,0.0,36.0,4.0,0.0,3.0,3.0,0.0,36.0,104.0,0.0,0.0,0.0,0.0,0.0,0.0
187,Gunner Olszewski,3.0,0.0,0.0,2.0,1.0,9.0,31.0,4.0,0.0,16.0,0.3125,0.0,40.0,5.0,0.0,0.0,0.0,0.0,0.0,0.0
188,Curtis Samuel,9.0,0.0,0.0,6.0,4.0,11.0,27.0,4.0,206.0,5.0,3.0,0.0,38.0,1.0,0.0,0.0,0.0,0.0,0.0,0.0
189,Willie Snead,8.0,0.0,0.0,4.0,0.0,0.0,38.0,4.0,0.0,9.0,1.3333333333333333,0.0,38.0,87.0,0.0,0.0,0.0,0.0,0.0,0.0
190,Trent Taylor,3.0,0.0,0.0,2.0,0.0,0.0,41.0,4.0,0.0,4.0,1.25,0.0,41.0,78.0,0.0,0.0,0.0,0.0,0.0,0.0
191,Kevin White,5.0,0.0,0.0,1.0,0.0,0.0,38.0,4.0,0.0,6.0,1.0,0.0,38.0,72.0,0.0,0.0,0.0,0.0,0.0,0.0
192,Juwann Winfree,13.0,0.0,0.0,8.0,0.0,0.0,58.0,4.0,0.0,7.0,3.0,0.0,58.0,97.0,0.0,0.0,0.0,0.0,0.0,0.0
193,Christian Blake,9.0,0.0,0.0,4.0,0.0,0.0,25.0,3.0,0.0,16.0,0.8125,0.0,25.0,84.0,0.0,0.0,0.0,0.0,0.0,0.0
194,Daniel Brown,2.0,0.0,0.0,2.0,0.0,0.0,29.0,3.0,0.0,12.0,0.3333333333333333,0.0,29.0,14.0,0.0,0.0,0.0,0.0,0.0,0.0
195,K.J. Hill,3.0,0.0,0.0,3.0,0.0,0.0,30.0,3.0,0.0,6.0,1.0,0.0,30.0,85.0,0.0,0.0,0.0,0.0,0.0,0.0
196,Cody Hollister,7.0,0.0,0.0,4.0,0.0,0.0,33.0,3.0,0.0,3.0,3.6666666666666665,0.0,33.0,109.5,0.0,0.0,0.0,0.0,0.0,0.0
197,Trenton Irwin,5.0,0.0,0.0,2.0,0.0,0.0,34.0,3.0,0.0,7.0,1.0,0.0,34.0,76.5,0.0,0.0,0.0,0.0,0.0,0.0
198,Jake Kumerow,6.0,0.0,0.0,2.0,0.0,0.0,28.0,3.0,331.0,15.0,0.5333333333333333,0.0,28.0,1.0,0.0,0.0,0.0,0.0,0.0,0.0
199,Mike Strachan,3.0,0.0,0.0,2.0,0.0,0.0,26.0,3.0,0.0,6.0,0.8333333333333334,0.0,26.0,83.0,0.0,0.0,0.0,0.0,0.0,0.0
200,Cody White,6.0,0.0,0.0,5.0,0.0,0.0,33.0,3.0,0.0,15.0,0.7333333333333333,0.0,33.0,61.0,0.0,0.0,0.0,0.0,0.0,0.0
201,Seth Williams,1.0,0.0,0.0,1.0,0.0,0.0,34.0,3.0,0.0,2.0,1.0,0.0,34.0,76.5,0.0,0.0,0.0,0.0,0.0,0.0
202,Davion Davis,3.0,0.0,0.0,1.0,0.0,0.0,17.0,2.0,0.0,2.0,2.0,0.0,17.0,111.5,0.0,0.0,0.0,0.0,0.0,0.0
203,Tyron Johnson,5.0,0.0,0.0,2.0,0.0,0.0,16.0,2.0,0.0,10.0,0.7,0.0,16.0,94.0,0.0,0.0,0.0,0.0,0.0,0.0
204,Marcus Kemp,5.0,0.0,0.0,2.0,0.0,0.0,24.0,2.0,0.0,16.0,0.4375,0.0,24.0,46.0,0.0,0.0,0.0,0.0,0.0,0.0
205,Keith Kirkwood,7.0,0.0,0.0,3.0,0.0,0.0,17.0,2.0,0.0,3.0,3.3333333333333335,0.0,17.0,116.0,0.0,0.0,0.0,0.0,0.0,0.0
206,Dazz Newsome,5.0,0.0,0.0,2.0,0.0,0.0,23.0,2.0,0.0,3.0,2.3333333333333335,0.0,23.0,108.0,0.0,0.0,0.0,0.0,0.0,0.0
207,David Sills,6.0,0.0,0.0,2.0,0.0,0.0,17.0,2.0,0.0,4.0,2.0,0.0,17.0,111.5,0.0,0.0,0.0,0.0,0.0,0.0
208,Tylan Wallace,6.0,0.0,0.0,2.0,0.0,0.0,23.0,2.0,0.0,17.0,0.47058823529411764,0.0,23.0,56.0,0.0,0.0,0.0,0.0,0.0,0.0
209,Tarik Black,2.0,0.0,0.0,1.0,0.0,0.0,10.0,1.0,0.0,1.0,3.0,0.0,10.0,121.0,0.0,0.0,0.0,0.0,0.0,0.0
210,Miles Boykin,1.0,0.0,0.0,1.0,0.0,0.0,6.0,1.0,0.0,8.0,0.25,0.0,6.0,93.0,0.0,0.0,0.0,0.0,0.0,0.0
211,Keke Coutee,1.0,0.0,0.0,1.0,0.0,0.0,5.0,1.0,0.0,2.0,1.0,0.0,5.0,117.0,0.0,0.0,0.0,0.0,0.0,0.0
212,Frank Darby,4.0,0.0,0.0,1.0,0.0,0.0,14.0,1.0,0.0,10.0,0.5,0.0,14.0,89.5,0.0,0.0,0.0,0.0,0.0,0.0
213,Marvin Hall,1.0,0.0,0.0,1.0,0.0,0.0,10.0,1.0,0.0,2.0,1.0,0.0,10.0,107.0,0.0,0.0,0.0,0.0,0.0,0.0
214,Andy Isabella,1.0,0.0,0.0,1.0,0.0,0.0,13.0,1.0,0.0,8.0,0.25,0.0,13.0,51.0,0.0,0.0,0.0,0.0,0.0,0.0
215,Tommylee Lewis,2.0,0.0,0.0,1.0,0.0,0.0,7.0,1.0,0.0,2.0,1.5,0.0,7.0,118.0,0.0,0.0,0.0,0.0,0.0,0.0
216,Kirk Merritt,3.0,0.0,0.0,1.0,0.0,0.0,13.0,1.0,0.0,2.0,2.0,0.0,13.0,114.0,0.0,0.0,0.0,0.0,0.0,0.0
217,Jaydon Mickens,3.0,0.0,0.0,2.0,0.0,0.0,10.0,1.0,0.0,11.0,0.45454545454545453,0.0,10.0,95.0,0.0,0.0,0.0,0.0,0.0,0.0
218,Stanley Morgan Jr.,4.0,0.0,0.0,2.0,1.0,3.0,11.0,1.0,0.0,17.0,0.35294117647058826,0.0,14.0,68.0,0.0,0.0,0.0,0.0,0.0,0.0
219,C.J. Saunders,2.0,0.0,0.0,2.0,0.0,0.0,11.0,1.0,0.0,2.0,2.0,0.0,11.0,115.0,0.0,0.0,0.0,0.0,0.0,0.0
220,Tyrell Williams,3.0,0.0,0.0,2.0,0.0,0.0,14.0,1.0,0.0,1.0,5.0,0.0,14.0,122.0,0.0,0.0,0.0,0.0,0.0,0.0
221,Easop Winston,1.0,0.0,0.0,1.0,0.0,0.0,5.0,1.0,0.0,3.0,0.6666666666666666,0.0,5.0,113.0,0.0,0.0,0.0,0.0,0.0,0.0
222,Alex Bachman,0.0,0.0,0.0,0.0,1.0,-3.0,0.0,0.0,0.0,3.0,0.0,0.0,-3.0,124.0,0.0,0.0,0.0,0.0,0.0,0.0
223,Maurice Ffrench,0.0,0.0,0.0,0.0,1.0,3.0,0.0,0.0,0.0,3.0,0.0,0.0,3.0,1.0,0.0,0.0,0.0,0.0,0.0,0.0
224,Racey McMath,6.0,0.0,0.0,2.0,0.0,0.0,8.0,-1.0,0.0,9.0,0.8888888888888888,0.0,8.0,109.5,0.0,0.0,0.0,0.0,0.0,0.0
225,Malik Taylor,3.0,0.0,0.0,2.0,0.0,0.0,14.0,-1.0,0.0,10.0,0.5,0.0,14.0,89.5,0.0,0.0,0.0,0.0,0.0,0.0
226,Diontae Spencer,4.0,0.0,0.0,1.0,0.0,0.0,-3.0,-4.0,0.0,15.0,0.3333333333333333,0.0,-3.0,123.0,0.0,0.0,0.0,0.0,0.0,0.0
3,Josh Allen,0.0,0.0,0.0,0.0,0.0,763.0,0.0,403.0,0.0,0.0,0.0,42.0,5170.0,1.0,4407.0,36.0,646.0,6.0,22.8,17.0
5,Justin Herbert,0.0,0.0,0.0,0.0,0.0,302.0,0.0,381.0,0.0,0.0,0.0,41.0,5316.0,1.0,5014.0,38.0,672.0,3.0,37.8,17.0
6,Tom Brady,0.0,0.0,0.0,0.0,0.0,81.0,0.0,375.0,0.0,0.0,0.0,45.0,5397.0,1.0,5316.0,43.0,719.0,2.0,82.3,17.0
12,Patrick Mahomes,0.0,0.0,0.0,0.0,0.0,381.0,0.0,362.0,0.0,0.0,0.0,39.0,5220.0,1.0,4839.0,37.0,658.0,2.0,0.0,17.0
17,Aaron Rodgers,0.0,0.0,0.0,0.0,0.0,101.0,0.0,332.0,0.0,0.0,0.0,40.0,4216.0,1.0,4115.0,37.0,531.0,3.0,92.8,16.0
19,Matthew Stafford,0.0,0.0,0.0,0.0,0.0,43.0,0.0,330.0,0.0,0.0,0.0,41.0,4929.0,1.0,4886.0,41.0,601.0,0.0,86.8,17.0
22,Dak Prescott,0.0,0.0,0.0,0.0,0.0,146.0,0.0,321.0,0.0,0.0,0.0,38.0,4595.0,1.0,4449.0,37.0,596.0,1.0,76.0,16.0
28,Joe Burrow,0.0,0.0,0.0,0.0,0.0,118.0,0.0,314.0,0.0,0.0,0.0,36.0,4729.0,1.0,4611.0,34.0,520.0,2.0,56.5,16.0
30,Jalen Hurts,0.0,0.0,0.0,0.0,0.0,784.0,0.0,312.0,0.0,0.0,0.0,26.0,3928.0,1.0,3144.0,16.0,432.0,10.0,66.8,15.0
39,Kyler Murray,0.0,0.0,0.0,0.0,0.0,423.0,0.0,300.0,0.0,0.0,0.0,29.0,4210.0,1.0,3787.0,24.0,481.0,5.0,59.3,14.0
40,Kirk Cousins,0.0,0.0,0.0,0.0,0.0,115.0,0.0,300.0,0.0,0.0,0.0,34.0,4336.0,1.0,4221.0,33.0,561.0,1.0,115.5,16.0
77,Ryan Tannehill,0.0,0.0,0.0,0.0,0.0,270.0,0.0,268.0,0.0,0.0,0.0,28.0,4004.0,1.0,3734.0,21.0,531.0,7.0,187.3,17.0
78,Carson Wentz,0.0,0.0,0.0,0.0,0.0,215.0,0.0,258.0,0.0,0.0,0.0,28.0,3778.0,1.0,3563.0,27.0,516.0,1.0,188.0,17.0
79,Derek Carr,0.0,0.0,0.0,0.0,0.0,108.0,0.0,257.0,0.0,0.0,0.0,23.0,4912.0,1.0,4804.0,23.0,626.0,0.0,110.3,17.0
80,Russell Wilson,0.0,0.0,0.0,0.0,0.0,183.0,0.0,243.0,0.0,0.0,0.0,27.0,3296.0,1.0,3113.0,25.0,400.0,2.0,77.3,14.0
81,Lamar Jackson,0.0,0.0,0.0,0.0,0.0,767.0,0.0,240.0,0.0,0.0,0.0,18.0,3649.0,1.0,2882.0,16.0,382.0,2.0,49.3,12.0
82,Jimmy Garoppolo,0.0,0.0,0.0,0.0,0.0,51.0,0.0,228.0,0.0,0.0,0.0,23.0,3861.0,1.0,3810.0,20.0,441.0,3.0,235.0,15.0
83,Mac Jones,0.0,0.0,0.0,0.0,0.0,129.0,0.0,225.0,0.0,0.0,0.0,22.0,3930.0,1.0,3801.0,22.0,521.0,0.0,168.0,17.0
84,Matt Ryan,0.0,0.0,0.0,0.0,0.0,82.0,0.0,223.0,0.0,0.0,0.0,21.0,4050.0,1.0,3968.0,20.0,560.0,1.0,167.5,17.0
85,Taylor Heinicke,0.0,0.0,0.0,0.0,0.0,313.0,0.0,222.0,0.0,0.0,0.0,21.0,3732.0,6.0,3419.0,20.0,494.0,1.0,0.0,16.0
86,Ben Roethlisberger,0.0,0.0,0.0,0.0,0.0,5.0,0.0,218.0,0.0,0.0,0.0,23.0,3745.0,4.0,3740.0,22.0,605.0,1.0,0.0,16.0
87,Teddy Bridgewater,0.0,0.0,0.0,0.0,0.0,106.0,0.0,203.0,0.0,0.0,0.0,20.0,3158.0,5.0,3052.0,18.0,426.0,2.0,0.0,14.0
88,Trevor Lawrence,0.0,0.0,0.0,0.0,0.0,334.0,0.0,199.0,0.0,0.0,0.0,14.0,3975.0,1.0,3641.0,12.0,602.0,2.0,159.8,17.0
89,Jared Goff,0.0,0.0,0.0,0.0,0.0,87.0,0.0,195.0,0.0,0.0,0.0,19.0,3332.0,1.0,3245.0,19.0,494.0,0.0,212.5,14.0
90,Baker Mayfield,0.0,0.0,0.0,0.0,0.0,134.0,0.0,181.0,0.0,0.0,0.0,18.0,3144.0,1.0,3010.0,17.0,418.0,1.0,198.3,14.0
91,Tua Tagovailoa,0.0,0.0,0.0,0.0,0.0,128.0,0.0,181.0,0.0,0.0,0.0,19.0,2781.0,1.0,2653.0,16.0,388.0,3.0,132.5,13.0
92,Daniel Jones,0.0,0.0,0.0,0.0,0.0,298.0,0.0,167.0,0.0,0.0,0.0,12.0,2726.0,1.0,2428.0,10.0,361.0,2.0,240.0,11.0
93,Sam Darnold,0.0,0.0,0.0,0.0,0.0,222.0,0.0,157.0,0.0,0.0,0.0,14.0,2749.0,1.0,2527.0,9.0,406.0,5.0,378.0,12.0
94,Davis Mills,0.0,0.0,0.0,0.0,0.0,44.0,0.0,157.0,0.0,0.0,0.0,16.0,2708.0,1.0,2664.0,16.0,394.0,0.0,205.0,13.0
95,Zach Wilson,0.0,0.0,0.0,0.0,0.0,185.0,0.0,152.0,0.0,0.0,0.0,13.0,2519.0,1.0,2334.0,9.0,383.0,4.0,227.3,13.0
98,Justin Fields,0.0,0.0,0.0,0.0,0.0,420.0,0.0,127.0,0.0,0.0,0.0,9.0,2290.0,1.0,1870.0,7.0,270.0,2.0,146.3,12.0
105,Taysom Hill,0.0,0.0,0.0,0.0,0.0,374.0,0.0,118.0,0.0,0.0,0.0,9.0,1352.0,1.0,978.0,4.0,134.0,5.0,222.0,12.0
108,Jameis Winston,0.0,0.0,0.0,0.0,0.0,166.0,0.0,117.0,0.0,0.0,0.0,15.0,1336.0,1.0,1170.0,14.0,161.0,1.0,176.3,7.0
143,Trevor Siemian,0.0,0.0,0.0,0.0,0.0,20.0,0.0,90.0,0.0,0.0,0.0,12.0,1174.0,7.0,1154.0,11.0,188.0,1.0,0.0,6.0
147,Cam Newton,0.0,0.0,0.0,0.0,0.0,230.0,0.0,86.0,0.0,0.0,0.0,9.0,914.0,20.0,684.0,4.0,126.0,5.0,0.0,8.0
155,Andy Dalton,0.0,0.0,0.0,0.0,0.0,76.0,0.0,84.0,0.0,0.0,0.0,8.0,1591.0,1.0,1515.0,8.0,236.0,0.0,388.0,8.0
159,Tyler Huntley,0.0,0.0,0.0,0.0,0.0,294.0,0.0,83.0,0.0,0.0,0.0,5.0,1375.0,1.0,1081.0,3.0,188.0,2.0,343.0,7.0
164,Tyrod Taylor,0.0,0.0,0.0,0.0,0.0,151.0,0.0,82.0,0.0,0.0,0.0,8.0,1117.0,11.0,966.0,5.0,150.0,3.0,0.0,6.0
179,Jacoby Brissett,0.0,0.0,0.0,0.0,0.0,70.0,0.0,72.0,0.0,0.0,0.0,6.0,1353.0,1.0,1283.0,5.0,225.0,1.0,274.0,11.0
189,Trey Lance,0.0,0.0,0.0,0.0,0.0,168.0,0.0,65.0,0.0,0.0,0.0,6.0,771.0,1.0,603.0,5.0,71.0,1.0,103.8,6.0
218,Geno Smith,0.0,0.0,0.0,0.0,0.0,42.0,0.0,54.0,0.0,0.0,0.0,6.0,744.0,1.0,702.0,5.0,95.0,1.0,327.0,4.0
226,Drew Lock,0.0,0.0,0.0,0.0,0.0,53.0,0.0,51.0,0.0,0.0,0.0,4.0,840.0,1.0,787.0,2.0,111.0,2.0,359.0,6.0
238,Josh Johnson,0.0,0.0,0.0,0.0,0.0,28.0,0.0,46.0,0.0,0.0,0.0,5.0,666.0,12.0,638.0,5.0,85.0,0.0,0.0,4.0
248,Mike White,0.0,0.0,0.0,0.0,0.0,-1.0,0.0,44.0,0.0,0.0,0.0,5.0,952.0,3.0,953.0,5.0,132.0,0.0,0.0,4.0
261,Colt McCoy,0.0,0.0,0.0,0.0,0.0,37.0,0.0,41.0,0.0,0.0,0.0,3.0,777.0,19.0,740.0,3.0,99.0,0.0,0.0,8.0
296,Gardner Minshew II,0.0,0.0,0.0,0.0,0.0,21.0,0.0,34.0,0.0,0.0,0.0,4.0,460.0,17.0,439.0,4.0,60.0,0.0,0.0,4.0
308,Mike Glennon,0.0,0.0,0.0,0.0,0.0,33.0,0.0,31.0,0.0,0.0,0.0,5.0,823.0,16.0,790.0,4.0,167.0,1.0,0.0,6.0
313,Case Keenum,0.0,0.0,0.0,0.0,0.0,22.0,0.0,29.0,0.0,0.0,0.0,3.0,484.0,24.0,462.0,3.0,72.0,0.0,0.0,7.0
327,Tim Boyle,0.0,0.0,0.0,0.0,0.0,13.0,0.0,24.0,0.0,0.0,0.0,3.0,539.0,18.0,526.0,3.0,94.0,0.0,0.0,5.0
328,Joe Flacco,0.0,0.0,0.0,0.0,0.0,3.0,0.0,24.0,0.0,0.0,0.0,3.0,341.0,10.0,338.0,3.0,42.0,0.0,0.0,2.0
330,Cooper Rush,0.0,0.0,0.0,0.0,0.0,-8.0,0.0,24.0,0.0,0.0,0.0,3.0,414.0,21.0,422.0,3.0,47.0,0.0,0.0,5.0
348,Jordan Love,0.0,0.0,0.0,0.0,0.0,27.0,0.0,21.0,0.0,0.0,0.0,2.0,438.0,1.0,411.0,2.0,62.0,0.0,402.0,6.0
362,Mason Rudolph,0.0,0.0,0.0,0.0,0.0,53.0,0.0,18.0,0.0,0.0,0.0,1.0,330.0,14.0,277.0,1.0,58.0,0.0,0.0,2.0
364,Nick Foles,0.0,0.0,0.0,0.0,0.0,8.0,0.0,17.0,0.0,0.0,0.0,1.0,258.0,2.0,250.0,1.0,35.0,0.0,0.0,1.0
379,Marcus Mariota,0.0,0.0,0.0,0.0,0.0,87.0,0.0,15.0,0.0,0.0,0.0,1.0,91.0,1.0,4.0,0.0,2.0,1.0,269.0,10.0
385,Brandon Allen,0.0,0.0,0.0,0.0,0.0,-1.0,0.0,14.0,0.0,0.0,0.0,2.0,148.0,27.0,149.0,2.0,34.0,0.0,0.0,6.0
389,P.J. Walker,0.0,0.0,0.0,0.0,0.0,13.0,0.0,14.0,0.0,0.0,0.0,1.0,375.0,22.0,362.0,1.0,66.0,0.0,0.0,5.0
392,Sean Mannion,0.0,0.0,0.0,0.0,0.0,14.0,0.0,13.0,0.0,0.0,0.0,1.0,203.0,9.0,189.0,1.0,36.0,0.0,0.0,1.0
400,Brian Hoyer,0.0,0.0,0.0,0.0,0.0,-8.0,0.0,12.0,0.0,0.0,0.0,1.0,219.0,26.0,227.0,1.0,11.0,0.0,0.0,5.0
408,Jake Fromm,0.0,0.0,0.0,0.0,0.0,65.0,0.0,11.0,0.0,0.0,0.0,1.0,275.0,23.0,210.0,1.0,60.0,0.0,0.0,3.0
425,Nick Mullens,0.0,0.0,0.0,0.0,0.0,0.0,0.0,10.0,0.0,0.0,0.0,1.0,147.0,13.0,147.0,1.0,30.0,0.0,0.0,1.0
437,Kyle Allen,0.0,0.0,0.0,0.0,0.0,11.0,0.0,8.0,0.0,0.0,0.0,1.0,131.0,25.0,120.0,1.0,19.0,0.0,0.0,2.0
439,Garrett Gilbert,0.0,0.0,0.0,0.0,0.0,0.0,0.0,8.0,0.0,0.0,0.0,0.0,194.0,8.0,194.0,0.0,31.0,0.0,0.0,1.0
444,Mitchell Trubisky,0.0,0.0,0.0,0.0,0.0,24.0,0.0,8.0,0.0,0.0,0.0,1.0,67.0,34.0,43.0,0.0,8.0,1.0,0.0,6.0
495,Chad Henne,0.0,0.0,0.0,0.0,0.0,0.0,0.0,3.0,0.0,0.0,0.0,0.0,82.0,29.0,82.0,0.0,16.0,0.0,0.0,4.0
513,C.J. Beathard,0.0,0.0,0.0,0.0,0.0,2.0,0.0,2.0,0.0,0.0,0.0,0.0,35.0,31.0,33.0,0.0,2.0,0.0,0.0,2.0
515,Ian Book,0.0,0.0,0.0,0.0,0.0,6.0,0.0,2.0,0.0,0.0,0.0,0.0,141.0,15.0,135.0,0.0,20.0,0.0,0.0,1.0
519,Blaine Gabbert,0.0,0.0,0.0,0.0,0.0,-7.0,0.0,2.0,0.0,0.0,0.0,0.0,60.0,33.0,67.0,0.0,11.0,0.0,0.0,6.0
532,Chris Streveler,0.0,0.0,0.0,0.0,0.0,6.0,0.0,2.0,0.0,0.0,0.0,0.0,42.0,30.0,36.0,0.0,9.0,0.0,0.0,2.0
538,David Blough,0.0,0.0,0.0,0.0,0.0,6.0,0.0,1.0,0.0,0.0,0.0,0.0,6.0,42.0,0.0,0.0,0.0,0.0,0.0,1.0
545,Sam Ehlinger,0.0,0.0,0.0,0.0,0.0,9.0,0.0,1.0,0.0,0.0,0.0,0.0,9.0,42.0,0.0,0.0,0.0,0.0,0.0,3.0
546,Ryan Fitzpatrick,0.0,0.0,0.0,0.0,0.0,2.0,0.0,1.0,0.0,0.0,0.0,0.0,15.0,32.0,13.0,0.0,6.0,0.0,0.0,1.0
583,Kurt Benkert,0.0,0.0,0.0,0.0,0.0,-1.0,0.0,0.0,0.0,0.0,0.0,0.0,-1.0,42.0,0.0,0.0,0.0,0.0,0.0,1.0
597,Chase Daniel,0.0,0.0,0.0,0.0,0.0,-2.0,0.0,0.0,0.0,0.0,0.0,0.0,-2.0,42.0,0.0,0.0,0.0,0.0,0.0,1.0
630,Kellen Mond,0.0,0.0,0.0,0.0,0.0,0.0,0.0,0.0,0.0,0.0,0.0,0.0,5.0,35.0,5.0,0.0,3.0,0.0,0.0,1.0
635,Nathan Peterman,0.0,0.0,0.0,0.0,0.0,2.0,0.0,0.0,0.0,0.0,0.0,0.0,2.0,42.0,0.0,0.0,0.0,0.0,0.0,1.0
638,Brett Rypien,0.0,0.0,0.0,0.0,0.0,0.0,0.0,0.0,0.0,0.0,0.0,0.0,0.0,42.0,0.0,0.0,2.0,0.0,0.0,1.0
655,Davis Webb,0.0,0.0,0.0,0.0,0.0,-3.0,0.0,0.0,0.0,0.0,0.0,0.0,-3.0,42.0,0.0,0.0,0.0,0.0,0.0,1.0
661,Jacob Eason,0.0,0.0,0.0,0.0,0.0,0.0,0.0,-1.0,0.0,0.0,0.0,0.0,25.0,28.0,25.0,0.0,5.0,0.0,0.0,1.0
662,Feleipe Franks,0.0,0.0,0.0,0.0,0.0,6.0,0.0,-1.0,0.0,0.0,0.0,0.0,6.0,42.0,0.0,0.0,1.0,0.0,0.0,9.0
665,Logan Woodside,0.0,0.0,0.0,0.0,0.0,-6.0,0.0,-1.0,0.0,0.0,0.0,0.0,-6.0,42.0,0.0,0.0,0.0,0.0,0.0,5.0
668,John Wolford,0.0,0.0,0.0,0.0,0.0,-1.0,0.0,-2.0,0.0,0.0,0.0,0.0,4.0,37.0,5.0,0.0,4.0,0.0,0.0,3.0
669,Josh Rosen,0.0,0.0,0.0,0.0,0.0,0.0,0.0,-3.0,0.0,0.0,0.0,0.0,19.0,36.0,19.0,0.0,11.0,0.0,0.0,4.0
